{"mg/RDkId//YBOJQ50Nkigg==":"logomakr-3o6h8e-128x143.png","Sm0fZo1ZL30IFu1Z0jxUYw==":"utente_generico-400x406.png","T5yU8+mEvah2cd9Mbm5Oow==":"sfondo-1920x1280.jpeg","KaI2R/IkVKUDfw1hLdDl2g==":"heaven'sdoor-1024x768.jpeg","LTugVBk3bgPvUHXmVnYJ4w==":"heaven'sdoor-1-1024x768.jpeg","/BECsYSRSRj1VDMeo/e2rw==":"image%20result%20for%20rohan%20kishibe%20outfits-500x623.png","uZyvo/GjBsu5F93lVIaqzw==":"image%20result%20for%20rohan%20kishibe%20outfits-500x623.png","gmRFVM1MZT7lJrNgtHJ9Dw==":"wp6279940-rohan-kishibe-aesthetic-wallpapers%20(1)-1744x1231.jpg","U5Z9GZQDyQa0xYHfiPeicg==":"wp6279940-rohan-kishibe-aesthetic-wallpapers%20(1)-1744x1231.jpeg","Np3y4LkUt3xFUENJKkfWUQ==":"logo-1-128x128.png","v1p/0JIXaVm3r9kqmL2VqQ==":"logo-229x229.png","LhveXe63+BvIBpImy/TU1w==":"mbr-1920x1275.jpg","G/Qn6Houe9yOpVou98mjwQ==":"mbr-1920x960.jpg","Drqn6RB6pxnvlHWjZHWkaA==":"mbr-1920x1280.png","w1e1F4bo1n6pwEpjv2m1zA==":"face2.jpg","WFj9QigNT5lGRiaG7mE6Ww==":"mbr-696x696.png","jlbelHdTevcn2TgK9irDeg==":"mbr-1-696x696.png","FHU9nni2eAUoenivF+y5KQ==":"mbr-2-696x696.png","rf4fJPRl4TLBSfmjEJj1gg==":"mbr-3-696x696.png"}